Cidades,Geocode
Belém/PA,1501402.0
Boa Vista/RR,1400100.0
Parauapebas/PA,1505536.0
Cruzeiro do Sul/AC,1200203.0
Bonito/PA,1501600.0
Manaus/AM,1302603.0
Altamira/PA,1500602.0
Itaituba/PA,1503606.0
Ji-Paraná/RO,1100122.0
Marabá/PA,1504208.0
Macapá/AP,1600303.0
Palmas/TO,1721000.0
Porto Velho/RO,1100205.0
Rio Branco/AC,1200401.0
Santarém/PA,1506807.0
Oriximiná/PA,1505304.0
Tefé/AM,1304203.0
Vilhena/RO,1100304.0
Cacoal/RO,1100049.0
Araguaína/TO,1702109.0
Lábrea/AM,1302405.0
Parintins/AM,1303403.0
